{
  "period": 10,
  "trained_at": "2026-04-03T14:15:53.633730",
  "model_count": 17,
  "feature_count": 78,
  "sample_count": 513,
  "avg_accuracy": 0.5128498001142204,
  "label_distribution": {
    "up": 50.487329434697855,
    "down": 49.512670565302145
  },
  "models": {
    "rf1": {
      "acc": 0.49514563106796117
    },
    "rf2": {
      "acc": 0.49514563106796117
    },
    "rf3": {
      "acc": 0.46601941747572817
    },
    "et": {
      "acc": 0.49514563106796117
    },
    "gb": {
      "acc": 0.5533980582524272
    },
    "mlp": {
      "acc": 0.47572815533980584
    },
    "lda": {
      "acc": 0.6504854368932039
    },
    "qda": {
      "acc": 0.49514563106796117
    },
    "nb": {
      "acc": 0.49514563106796117
    },
    "knn": {
      "acc": 0.4174757281553398
    },
    "lr": {
      "acc": 0.5825242718446602
    },
    "lgb1": {
      "acc": 0.5145631067961165
    },
    "lgb2": {
      "acc": 0.5242718446601942
    },
    "xgb1": {
      "acc": 0.49514563106796117
    },
    "xgb2": {
      "acc": 0.5631067961165048
    },
    "cat1": {
      "acc": 0.49514563106796117
    },
    "cat2": {
      "acc": 0.5048543689320388
    }
  }
}