{
  "period": 10,
  "trained_at": "2026-04-02T18:15:11.767440",
  "model_count": 17,
  "feature_count": 78,
  "sample_count": 545,
  "avg_accuracy": 0.35078251484079875,
  "label_distribution": {
    "up": 44.77064220183487,
    "down": 55.22935779816513
  },
  "models": {
    "rf1": {
      "acc": 0.3119266055045872
    },
    "rf2": {
      "acc": 0.3302752293577982
    },
    "rf3": {
      "acc": 0.3853211009174312
    },
    "et": {
      "acc": 0.3853211009174312
    },
    "gb": {
      "acc": 0.3669724770642202
    },
    "mlp": {
      "acc": 0.3211009174311927
    },
    "lda": {
      "acc": 0.6330275229357798
    },
    "qda": {
      "acc": 0.28440366972477066
    },
    "nb": {
      "acc": 0.27522935779816515
    },
    "knn": {
      "acc": 0.3853211009174312
    },
    "lr": {
      "acc": 0.29357798165137616
    },
    "lgb1": {
      "acc": 0.30275229357798167
    },
    "lgb2": {
      "acc": 0.30275229357798167
    },
    "xgb1": {
      "acc": 0.3211009174311927
    },
    "xgb2": {
      "acc": 0.3577981651376147
    },
    "cat1": {
      "acc": 0.3669724770642202
    },
    "cat2": {
      "acc": 0.3394495412844037
    }
  }
}